{  "variants": {    "": [
      { "model": "ars_nouveau:block/red_archwood_leaves1" }, { "model": "ars_nouveau:block/red_archwood_leaves1", "y": 90 }, { "model": "ars_nouveau:block/red_archwood_leaves1", "y": 180 }, { "model": "ars_nouveau:block/red_archwood_leaves1", "y": 270 },
      { "model": "ars_nouveau:block/red_archwood_leaves2" }, { "model": "ars_nouveau:block/red_archwood_leaves2", "y": 90 }, { "model": "ars_nouveau:block/red_archwood_leaves2", "y": 180 }, { "model": "ars_nouveau:block/red_archwood_leaves2", "y": 270 },
      { "model": "ars_nouveau:block/red_archwood_leaves3" }, { "model": "ars_nouveau:block/red_archwood_leaves3", "y": 90 }, { "model": "ars_nouveau:block/red_archwood_leaves3", "y": 180 }, { "model": "ars_nouveau:block/red_archwood_leaves3", "y": 270 },
      { "model": "ars_nouveau:block/red_archwood_leaves4" }, { "model": "ars_nouveau:block/red_archwood_leaves4", "y": 90 }, { "model": "ars_nouveau:block/red_archwood_leaves4", "y": 180 }, { "model": "ars_nouveau:block/red_archwood_leaves4", "y": 270 },
      { "model": "ars_nouveau:block/red_archwood_leaves5" }, { "model": "ars_nouveau:block/red_archwood_leaves5", "y": 90 }, { "model": "ars_nouveau:block/red_archwood_leaves5", "y": 180 }, { "model": "ars_nouveau:block/red_archwood_leaves5", "y": 270 },
      { "model": "ars_nouveau:block/red_archwood_leaves6" }, { "model": "ars_nouveau:block/red_archwood_leaves6", "y": 90 }, { "model": "ars_nouveau:block/red_archwood_leaves6", "y": 180 }, { "model": "ars_nouveau:block/red_archwood_leaves6", "y": 270 },
      { "model": "ars_nouveau:block/red_archwood_leaves7" }, { "model": "ars_nouveau:block/red_archwood_leaves7", "y": 90 }, { "model": "ars_nouveau:block/red_archwood_leaves7", "y": 180 }, { "model": "ars_nouveau:block/red_archwood_leaves7", "y": 270 },
      { "model": "ars_nouveau:block/red_archwood_leaves8" }, { "model": "ars_nouveau:block/red_archwood_leaves8", "y": 90 }, { "model": "ars_nouveau:block/red_archwood_leaves8", "y": 180 }, { "model": "ars_nouveau:block/red_archwood_leaves8", "y": 270 }
]}}
